system:index,EVI,date,.geo
1_1_1_1_1_1_1_1_1_1_1_1_1_1_1_1_1_1_1_1_2_2005_01_01,0.5227328551652424,2005-01-01,"{""type"":""MultiPoint"",""coordinates"":[]}"
1_1_1_1_1_1_1_1_1_1_1_1_1_1_1_1_1_1_1_1_2_2005_01_17,0.5203725351992827,2005-01-17,"{""type"":""MultiPoint"",""coordinates"":[]}"
1_1_1_1_1_1_1_1_1_1_1_1_1_1_1_1_1_1_1_1_2_2005_02_02,0.49774308706124243,2005-02-02,"{""type"":""MultiPoint"",""coordinates"":[]}"
1_1_1_1_1_1_1_1_1_1_1_1_1_1_1_1_1_1_1_1_2_2005_02_18,0.4594219207831289,2005-02-18,"{""type"":""MultiPoint"",""coordinates"":[]}"
1_1_1_1_1_1_1_1_1_1_1_1_1_1_1_1_1_1_1_1_2_2005_03_06,0.4779586352289381,2005-03-06,"{""type"":""MultiPoint"",""coordinates"":[]}"
1_1_1_1_1_1_1_1_1_1_1_1_1_1_1_1_1_1_1_1_2_2005_03_22,0.48585943132980747,2005-03-22,"{""type"":""MultiPoint"",""coordinates"":[]}"
1_1_1_1_1_1_1_1_1_1_1_1_1_1_1_1_1_1_1_1_2_2005_04_07,0.4775040172168197,2005-04-07,"{""type"":""MultiPoint"",""coordinates"":[]}"
1_1_1_1_1_1_1_1_1_1_1_1_1_1_1_1_1_1_1_1_2_2005_04_23,0.4456001474712778,2005-04-23,"{""type"":""MultiPoint"",""coordinates"":[]}"
1_1_1_1_1_1_1_1_1_1_1_1_1_1_1_1_1_1_1_1_2_2005_05_09,0.47999027693811064,2005-05-09,"{""type"":""MultiPoint"",""coordinates"":[]}"
1_1_1_1_1_1_1_1_1_1_1_1_1_1_1_1_1_1_1_1_2_2005_05_25,0.47963719524979354,2005-05-25,"{""type"":""MultiPoint"",""coordinates"":[]}"
1_1_1_1_1_1_1_1_1_1_1_1_1_1_1_1_1_1_1_1_2_2005_06_10,0.48911242087321327,2005-06-10,"{""type"":""MultiPoint"",""coordinates"":[]}"
1_1_1_1_1_1_1_1_1_1_1_1_1_1_1_1_1_1_1_1_2_2005_06_26,0.5128360270170411,2005-06-26,"{""type"":""MultiPoint"",""coordinates"":[]}"
1_1_1_1_1_1_1_1_1_1_1_1_1_1_1_1_1_1_1_1_2_2005_07_12,0.4978749260239559,2005-07-12,"{""type"":""MultiPoint"",""coordinates"":[]}"
1_1_1_1_1_1_1_1_1_1_1_1_1_1_1_1_1_1_1_1_2_2005_07_28,0.5024239245810549,2005-07-28,"{""type"":""MultiPoint"",""coordinates"":[]}"
1_1_1_1_1_1_1_1_1_1_1_1_1_1_1_1_1_1_1_1_2_2005_08_13,0.44875334428097075,2005-08-13,"{""type"":""MultiPoint"",""coordinates"":[]}"
1_1_1_1_1_1_1_1_1_1_1_1_1_1_1_1_1_1_1_1_2_2005_08_29,0.435775652133903,2005-08-29,"{""type"":""MultiPoint"",""coordinates"":[]}"
1_1_1_1_1_1_1_1_1_1_1_1_1_1_1_1_1_1_1_1_2_2005_09_14,0.48741369320857764,2005-09-14,"{""type"":""MultiPoint"",""coordinates"":[]}"
1_1_1_1_1_1_1_1_1_1_1_1_1_1_1_1_1_1_1_1_2_2005_09_30,0.3720702873400984,2005-09-30,"{""type"":""MultiPoint"",""coordinates"":[]}"
1_1_1_1_1_1_1_1_1_1_1_1_1_1_1_1_1_1_1_1_2_2005_10_16,0.4653579465998598,2005-10-16,"{""type"":""MultiPoint"",""coordinates"":[]}"
1_1_1_1_1_1_1_1_1_1_1_1_1_1_1_1_1_1_1_1_2_2005_11_01,0.4993722752185762,2005-11-01,"{""type"":""MultiPoint"",""coordinates"":[]}"
1_1_1_1_1_1_1_1_1_1_1_1_1_1_1_1_1_1_1_1_2_2005_11_17,0.386543034257994,2005-11-17,"{""type"":""MultiPoint"",""coordinates"":[]}"
1_1_1_1_1_1_1_1_1_1_1_1_1_1_1_1_1_1_1_1_2_2005_12_03,0.4455513793843932,2005-12-03,"{""type"":""MultiPoint"",""coordinates"":[]}"
1_1_1_1_1_1_1_1_1_1_1_1_1_1_1_1_1_1_1_1_2_2005_12_19,0.43239467357615774,2005-12-19,"{""type"":""MultiPoint"",""coordinates"":[]}"
1_1_1_1_1_1_1_1_1_1_1_1_1_1_1_1_1_1_1_2_2006_01_01,0.4005063293685853,2006-01-01,"{""type"":""MultiPoint"",""coordinates"":[]}"
1_1_1_1_1_1_1_1_1_1_1_1_1_1_1_1_1_1_1_2_2006_01_17,0.48495715788210997,2006-01-17,"{""type"":""MultiPoint"",""coordinates"":[]}"
1_1_1_1_1_1_1_1_1_1_1_1_1_1_1_1_1_1_1_2_2006_02_02,0.45284102695724604,2006-02-02,"{""type"":""MultiPoint"",""coordinates"":[]}"
1_1_1_1_1_1_1_1_1_1_1_1_1_1_1_1_1_1_1_2_2006_02_18,0.4612040961369829,2006-02-18,"{""type"":""MultiPoint"",""coordinates"":[]}"
1_1_1_1_1_1_1_1_1_1_1_1_1_1_1_1_1_1_1_2_2006_03_06,0.5034969500883075,2006-03-06,"{""type"":""MultiPoint"",""coordinates"":[]}"
1_1_1_1_1_1_1_1_1_1_1_1_1_1_1_1_1_1_1_2_2006_03_22,0.4713957750282729,2006-03-22,"{""type"":""MultiPoint"",""coordinates"":[]}"
1_1_1_1_1_1_1_1_1_1_1_1_1_1_1_1_1_1_1_2_2006_04_07,0.39969589202366396,2006-04-07,"{""type"":""MultiPoint"",""coordinates"":[]}"
1_1_1_1_1_1_1_1_1_1_1_1_1_1_1_1_1_1_1_2_2006_04_23,0.44158350683535236,2006-04-23,"{""type"":""MultiPoint"",""coordinates"":[]}"
1_1_1_1_1_1_1_1_1_1_1_1_1_1_1_1_1_1_1_2_2006_05_09,0.47026644384975647,2006-05-09,"{""type"":""MultiPoint"",""coordinates"":[]}"
1_1_1_1_1_1_1_1_1_1_1_1_1_1_1_1_1_1_1_2_2006_05_25,0.510957741281375,2006-05-25,"{""type"":""MultiPoint"",""coordinates"":[]}"
1_1_1_1_1_1_1_1_1_1_1_1_1_1_1_1_1_1_1_2_2006_06_10,0.4803277545386746,2006-06-10,"{""type"":""MultiPoint"",""coordinates"":[]}"
1_1_1_1_1_1_1_1_1_1_1_1_1_1_1_1_1_1_1_2_2006_06_26,0.5350706473084295,2006-06-26,"{""type"":""MultiPoint"",""coordinates"":[]}"
1_1_1_1_1_1_1_1_1_1_1_1_1_1_1_1_1_1_1_2_2006_07_12,0.5425137356982939,2006-07-12,"{""type"":""MultiPoint"",""coordinates"":[]}"
1_1_1_1_1_1_1_1_1_1_1_1_1_1_1_1_1_1_1_2_2006_07_28,0.5246028650011751,2006-07-28,"{""type"":""MultiPoint"",""coordinates"":[]}"
1_1_1_1_1_1_1_1_1_1_1_1_1_1_1_1_1_1_1_2_2006_08_13,0.5100318038837391,2006-08-13,"{""type"":""MultiPoint"",""coordinates"":[]}"
1_1_1_1_1_1_1_1_1_1_1_1_1_1_1_1_1_1_1_2_2006_08_29,0.3747073543052611,2006-08-29,"{""type"":""MultiPoint"",""coordinates"":[]}"
1_1_1_1_1_1_1_1_1_1_1_1_1_1_1_1_1_1_1_2_2006_09_14,0.5408685740089794,2006-09-14,"{""type"":""MultiPoint"",""coordinates"":[]}"
1_1_1_1_1_1_1_1_1_1_1_1_1_1_1_1_1_1_1_2_2006_09_30,0.509495652116943,2006-09-30,"{""type"":""MultiPoint"",""coordinates"":[]}"
1_1_1_1_1_1_1_1_1_1_1_1_1_1_1_1_1_1_1_2_2006_10_16,0.39003486751681365,2006-10-16,"{""type"":""MultiPoint"",""coordinates"":[]}"
1_1_1_1_1_1_1_1_1_1_1_1_1_1_1_1_1_1_1_2_2006_11_01,0.454052835889873,2006-11-01,"{""type"":""MultiPoint"",""coordinates"":[]}"
1_1_1_1_1_1_1_1_1_1_1_1_1_1_1_1_1_1_1_2_2006_11_17,0.4593060878148835,2006-11-17,"{""type"":""MultiPoint"",""coordinates"":[]}"
1_1_1_1_1_1_1_1_1_1_1_1_1_1_1_1_1_1_1_2_2006_12_03,0.42252267790022086,2006-12-03,"{""type"":""MultiPoint"",""coordinates"":[]}"
1_1_1_1_1_1_1_1_1_1_1_1_1_1_1_1_1_1_1_2_2006_12_19,0.3266207123256759,2006-12-19,"{""type"":""MultiPoint"",""coordinates"":[]}"
1_1_1_1_1_1_1_1_1_1_1_1_1_1_1_1_1_1_2_2007_01_01,0.4144182239604469,2007-01-01,"{""type"":""MultiPoint"",""coordinates"":[]}"
1_1_1_1_1_1_1_1_1_1_1_1_1_1_1_1_1_1_2_2007_01_17,0.4906573874177741,2007-01-17,"{""type"":""MultiPoint"",""coordinates"":[]}"
1_1_1_1_1_1_1_1_1_1_1_1_1_1_1_1_1_1_2_2007_02_02,0.4812286124351792,2007-02-02,"{""type"":""MultiPoint"",""coordinates"":[]}"
1_1_1_1_1_1_1_1_1_1_1_1_1_1_1_1_1_1_2_2007_02_18,0.45841365246846894,2007-02-18,"{""type"":""MultiPoint"",""coordinates"":[]}"
1_1_1_1_1_1_1_1_1_1_1_1_1_1_1_1_1_1_2_2007_03_06,0.505786433457531,2007-03-06,"{""type"":""MultiPoint"",""coordinates"":[]}"
1_1_1_1_1_1_1_1_1_1_1_1_1_1_1_1_1_1_2_2007_03_22,0.47931027157631345,2007-03-22,"{""type"":""MultiPoint"",""coordinates"":[]}"
1_1_1_1_1_1_1_1_1_1_1_1_1_1_1_1_1_1_2_2007_04_07,0.4477421374596367,2007-04-07,"{""type"":""MultiPoint"",""coordinates"":[]}"
1_1_1_1_1_1_1_1_1_1_1_1_1_1_1_1_1_1_2_2007_04_23,0.43928522817289656,2007-04-23,"{""type"":""MultiPoint"",""coordinates"":[]}"
1_1_1_1_1_1_1_1_1_1_1_1_1_1_1_1_1_1_2_2007_05_09,0.4675904903146234,2007-05-09,"{""type"":""MultiPoint"",""coordinates"":[]}"
1_1_1_1_1_1_1_1_1_1_1_1_1_1_1_1_1_1_2_2007_05_25,0.45079760234515276,2007-05-25,"{""type"":""MultiPoint"",""coordinates"":[]}"
1_1_1_1_1_1_1_1_1_1_1_1_1_1_1_1_1_1_2_2007_06_10,0.5097907937601622,2007-06-10,"{""type"":""MultiPoint"",""coordinates"":[]}"
1_1_1_1_1_1_1_1_1_1_1_1_1_1_1_1_1_1_2_2007_06_26,0.5167833523609278,2007-06-26,"{""type"":""MultiPoint"",""coordinates"":[]}"
1_1_1_1_1_1_1_1_1_1_1_1_1_1_1_1_1_1_2_2007_07_12,0.5132731446545847,2007-07-12,"{""type"":""MultiPoint"",""coordinates"":[]}"
1_1_1_1_1_1_1_1_1_1_1_1_1_1_1_1_1_1_2_2007_07_28,0.5101984536137572,2007-07-28,"{""type"":""MultiPoint"",""coordinates"":[]}"
1_1_1_1_1_1_1_1_1_1_1_1_1_1_1_1_1_1_2_2007_08_13,0.5342910200135931,2007-08-13,"{""type"":""MultiPoint"",""coordinates"":[]}"
1_1_1_1_1_1_1_1_1_1_1_1_1_1_1_1_1_1_2_2007_08_29,0.43953295645200585,2007-08-29,"{""type"":""MultiPoint"",""coordinates"":[]}"
1_1_1_1_1_1_1_1_1_1_1_1_1_1_1_1_1_1_2_2007_09_14,0.5343707351898611,2007-09-14,"{""type"":""MultiPoint"",""coordinates"":[]}"
1_1_1_1_1_1_1_1_1_1_1_1_1_1_1_1_1_1_2_2007_09_30,0.3725186820218165,2007-09-30,"{""type"":""MultiPoint"",""coordinates"":[]}"
1_1_1_1_1_1_1_1_1_1_1_1_1_1_1_1_1_1_2_2007_10_16,0.46236454855118053,2007-10-16,"{""type"":""MultiPoint"",""coordinates"":[]}"
1_1_1_1_1_1_1_1_1_1_1_1_1_1_1_1_1_1_2_2007_11_01,0.4354268056009195,2007-11-01,"{""type"":""MultiPoint"",""coordinates"":[]}"
1_1_1_1_1_1_1_1_1_1_1_1_1_1_1_1_1_1_2_2007_11_17,0.4689411182571264,2007-11-17,"{""type"":""MultiPoint"",""coordinates"":[]}"
1_1_1_1_1_1_1_1_1_1_1_1_1_1_1_1_1_1_2_2007_12_03,0.3965036545723311,2007-12-03,"{""type"":""MultiPoint"",""coordinates"":[]}"
1_1_1_1_1_1_1_1_1_1_1_1_1_1_1_1_1_1_2_2007_12_19,0.4503539144252129,2007-12-19,"{""type"":""MultiPoint"",""coordinates"":[]}"
1_1_1_1_1_1_1_1_1_1_1_1_1_1_1_1_1_2_2008_01_01,0.445240711476799,2008-01-01,"{""type"":""MultiPoint"",""coordinates"":[]}"
1_1_1_1_1_1_1_1_1_1_1_1_1_1_1_1_1_2_2008_01_17,0.4043961746938715,2008-01-17,"{""type"":""MultiPoint"",""coordinates"":[]}"
1_1_1_1_1_1_1_1_1_1_1_1_1_1_1_1_1_2_2008_02_02,0.5325228277620989,2008-02-02,"{""type"":""MultiPoint"",""coordinates"":[]}"
1_1_1_1_1_1_1_1_1_1_1_1_1_1_1_1_1_2_2008_02_18,0.38627864539596163,2008-02-18,"{""type"":""MultiPoint"",""coordinates"":[]}"
1_1_1_1_1_1_1_1_1_1_1_1_1_1_1_1_1_2_2008_03_05,0.428588100525724,2008-03-05,"{""type"":""MultiPoint"",""coordinates"":[]}"
1_1_1_1_1_1_1_1_1_1_1_1_1_1_1_1_1_2_2008_03_21,0.5445927397658857,2008-03-21,"{""type"":""MultiPoint"",""coordinates"":[]}"
1_1_1_1_1_1_1_1_1_1_1_1_1_1_1_1_1_2_2008_04_06,0.39391462956485945,2008-04-06,"{""type"":""MultiPoint"",""coordinates"":[]}"
1_1_1_1_1_1_1_1_1_1_1_1_1_1_1_1_1_2_2008_04_22,0.42132779651656593,2008-04-22,"{""type"":""MultiPoint"",""coordinates"":[]}"
1_1_1_1_1_1_1_1_1_1_1_1_1_1_1_1_1_2_2008_05_08,0.5130069447036322,2008-05-08,"{""type"":""MultiPoint"",""coordinates"":[]}"
1_1_1_1_1_1_1_1_1_1_1_1_1_1_1_1_1_2_2008_05_24,0.4851723863321124,2008-05-24,"{""type"":""MultiPoint"",""coordinates"":[]}"
1_1_1_1_1_1_1_1_1_1_1_1_1_1_1_1_1_2_2008_06_09,0.46855780393875074,2008-06-09,"{""type"":""MultiPoint"",""coordinates"":[]}"
1_1_1_1_1_1_1_1_1_1_1_1_1_1_1_1_1_2_2008_06_25,0.4215855229802301,2008-06-25,"{""type"":""MultiPoint"",""coordinates"":[]}"
1_1_1_1_1_1_1_1_1_1_1_1_1_1_1_1_1_2_2008_07_11,0.483660680830951,2008-07-11,"{""type"":""MultiPoint"",""coordinates"":[]}"
1_1_1_1_1_1_1_1_1_1_1_1_1_1_1_1_1_2_2008_07_27,0.49112040983722594,2008-07-27,"{""type"":""MultiPoint"",""coordinates"":[]}"
1_1_1_1_1_1_1_1_1_1_1_1_1_1_1_1_1_2_2008_08_12,0.5191796156273182,2008-08-12,"{""type"":""MultiPoint"",""coordinates"":[]}"
1_1_1_1_1_1_1_1_1_1_1_1_1_1_1_1_1_2_2008_08_28,0.49546374323595027,2008-08-28,"{""type"":""MultiPoint"",""coordinates"":[]}"
1_1_1_1_1_1_1_1_1_1_1_1_1_1_1_1_1_2_2008_09_13,0.506699290899442,2008-09-13,"{""type"":""MultiPoint"",""coordinates"":[]}"
1_1_1_1_1_1_1_1_1_1_1_1_1_1_1_1_1_2_2008_09_29,0.4057801348002244,2008-09-29,"{""type"":""MultiPoint"",""coordinates"":[]}"
1_1_1_1_1_1_1_1_1_1_1_1_1_1_1_1_1_2_2008_10_15,0.5110076655987694,2008-10-15,"{""type"":""MultiPoint"",""coordinates"":[]}"
1_1_1_1_1_1_1_1_1_1_1_1_1_1_1_1_1_2_2008_10_31,0.46799781435016496,2008-10-31,"{""type"":""MultiPoint"",""coordinates"":[]}"
1_1_1_1_1_1_1_1_1_1_1_1_1_1_1_1_1_2_2008_11_16,0.21078332816411643,2008-11-16,"{""type"":""MultiPoint"",""coordinates"":[]}"
1_1_1_1_1_1_1_1_1_1_1_1_1_1_1_1_1_2_2008_12_02,0.29831639257069315,2008-12-02,"{""type"":""MultiPoint"",""coordinates"":[]}"
1_1_1_1_1_1_1_1_1_1_1_1_1_1_1_1_1_2_2008_12_18,0.43388655590921366,2008-12-18,"{""type"":""MultiPoint"",""coordinates"":[]}"
1_1_1_1_1_1_1_1_1_1_1_1_1_1_1_1_2_2009_01_01,0.4458519561152581,2009-01-01,"{""type"":""MultiPoint"",""coordinates"":[]}"
1_1_1_1_1_1_1_1_1_1_1_1_1_1_1_1_2_2009_01_17,0.43407409815528025,2009-01-17,"{""type"":""MultiPoint"",""coordinates"":[]}"
1_1_1_1_1_1_1_1_1_1_1_1_1_1_1_1_2_2009_02_02,0.45877341665533183,2009-02-02,"{""type"":""MultiPoint"",""coordinates"":[]}"
1_1_1_1_1_1_1_1_1_1_1_1_1_1_1_1_2_2009_02_18,0.46969949605239275,2009-02-18,"{""type"":""MultiPoint"",""coordinates"":[]}"
1_1_1_1_1_1_1_1_1_1_1_1_1_1_1_1_2_2009_03_06,0.4454758213834652,2009-03-06,"{""type"":""MultiPoint"",""coordinates"":[]}"
1_1_1_1_1_1_1_1_1_1_1_1_1_1_1_1_2_2009_03_22,0.49568335970356286,2009-03-22,"{""type"":""MultiPoint"",""coordinates"":[]}"
1_1_1_1_1_1_1_1_1_1_1_1_1_1_1_1_2_2009_04_07,0.4745318405633433,2009-04-07,"{""type"":""MultiPoint"",""coordinates"":[]}"
1_1_1_1_1_1_1_1_1_1_1_1_1_1_1_1_2_2009_04_23,0.5446213709903485,2009-04-23,"{""type"":""MultiPoint"",""coordinates"":[]}"
1_1_1_1_1_1_1_1_1_1_1_1_1_1_1_1_2_2009_05_09,0.4878389444619196,2009-05-09,"{""type"":""MultiPoint"",""coordinates"":[]}"
1_1_1_1_1_1_1_1_1_1_1_1_1_1_1_1_2_2009_05_25,0.4881851960186553,2009-05-25,"{""type"":""MultiPoint"",""coordinates"":[]}"
1_1_1_1_1_1_1_1_1_1_1_1_1_1_1_1_2_2009_06_10,0.5089613042706015,2009-06-10,"{""type"":""MultiPoint"",""coordinates"":[]}"
1_1_1_1_1_1_1_1_1_1_1_1_1_1_1_1_2_2009_06_26,0.47751850322798706,2009-06-26,"{""type"":""MultiPoint"",""coordinates"":[]}"
1_1_1_1_1_1_1_1_1_1_1_1_1_1_1_1_2_2009_07_12,0.4777226061121627,2009-07-12,"{""type"":""MultiPoint"",""coordinates"":[]}"
1_1_1_1_1_1_1_1_1_1_1_1_1_1_1_1_2_2009_07_28,0.46907802106862856,2009-07-28,"{""type"":""MultiPoint"",""coordinates"":[]}"
1_1_1_1_1_1_1_1_1_1_1_1_1_1_1_1_2_2009_08_13,0.46888768102786316,2009-08-13,"{""type"":""MultiPoint"",""coordinates"":[]}"
1_1_1_1_1_1_1_1_1_1_1_1_1_1_1_1_2_2009_08_29,0.5028206930327375,2009-08-29,"{""type"":""MultiPoint"",""coordinates"":[]}"
1_1_1_1_1_1_1_1_1_1_1_1_1_1_1_1_2_2009_09_14,0.5464527979985973,2009-09-14,"{""type"":""MultiPoint"",""coordinates"":[]}"
1_1_1_1_1_1_1_1_1_1_1_1_1_1_1_1_2_2009_09_30,0.4502136969965473,2009-09-30,"{""type"":""MultiPoint"",""coordinates"":[]}"
1_1_1_1_1_1_1_1_1_1_1_1_1_1_1_1_2_2009_10_16,0.4771622845600522,2009-10-16,"{""type"":""MultiPoint"",""coordinates"":[]}"
1_1_1_1_1_1_1_1_1_1_1_1_1_1_1_1_2_2009_11_01,0.4444119507387507,2009-11-01,"{""type"":""MultiPoint"",""coordinates"":[]}"
1_1_1_1_1_1_1_1_1_1_1_1_1_1_1_1_2_2009_11_17,0.45555778903925237,2009-11-17,"{""type"":""MultiPoint"",""coordinates"":[]}"
1_1_1_1_1_1_1_1_1_1_1_1_1_1_1_1_2_2009_12_03,0.46835030547386963,2009-12-03,"{""type"":""MultiPoint"",""coordinates"":[]}"
1_1_1_1_1_1_1_1_1_1_1_1_1_1_1_1_2_2009_12_19,0.37629608794304276,2009-12-19,"{""type"":""MultiPoint"",""coordinates"":[]}"
1_1_1_1_1_1_1_1_1_1_1_1_1_1_1_2_2010_01_01,0.4840781521257191,2010-01-01,"{""type"":""MultiPoint"",""coordinates"":[]}"
1_1_1_1_1_1_1_1_1_1_1_1_1_1_1_2_2010_01_17,0.4704096260542117,2010-01-17,"{""type"":""MultiPoint"",""coordinates"":[]}"
1_1_1_1_1_1_1_1_1_1_1_1_1_1_1_2_2010_02_02,0.4930572190867744,2010-02-02,"{""type"":""MultiPoint"",""coordinates"":[]}"
1_1_1_1_1_1_1_1_1_1_1_1_1_1_1_2_2010_02_18,0.5158061312580572,2010-02-18,"{""type"":""MultiPoint"",""coordinates"":[]}"
1_1_1_1_1_1_1_1_1_1_1_1_1_1_1_2_2010_03_06,0.49917581413467316,2010-03-06,"{""type"":""MultiPoint"",""coordinates"":[]}"
1_1_1_1_1_1_1_1_1_1_1_1_1_1_1_2_2010_03_22,0.4697798206621828,2010-03-22,"{""type"":""MultiPoint"",""coordinates"":[]}"
1_1_1_1_1_1_1_1_1_1_1_1_1_1_1_2_2010_04_07,0.5219671323662652,2010-04-07,"{""type"":""MultiPoint"",""coordinates"":[]}"
1_1_1_1_1_1_1_1_1_1_1_1_1_1_1_2_2010_04_23,0.5213524875360229,2010-04-23,"{""type"":""MultiPoint"",""coordinates"":[]}"
1_1_1_1_1_1_1_1_1_1_1_1_1_1_1_2_2010_05_09,0.42661687016325106,2010-05-09,"{""type"":""MultiPoint"",""coordinates"":[]}"
1_1_1_1_1_1_1_1_1_1_1_1_1_1_1_2_2010_05_25,0.48470088148492074,2010-05-25,"{""type"":""MultiPoint"",""coordinates"":[]}"
1_1_1_1_1_1_1_1_1_1_1_1_1_1_1_2_2010_06_10,0.4716427116685599,2010-06-10,"{""type"":""MultiPoint"",""coordinates"":[]}"
1_1_1_1_1_1_1_1_1_1_1_1_1_1_1_2_2010_06_26,0.481038507910035,2010-06-26,"{""type"":""MultiPoint"",""coordinates"":[]}"
1_1_1_1_1_1_1_1_1_1_1_1_1_1_1_2_2010_07_12,0.47449886149093956,2010-07-12,"{""type"":""MultiPoint"",""coordinates"":[]}"
1_1_1_1_1_1_1_1_1_1_1_1_1_1_1_2_2010_07_28,0.5363723284751774,2010-07-28,"{""type"":""MultiPoint"",""coordinates"":[]}"
1_1_1_1_1_1_1_1_1_1_1_1_1_1_1_2_2010_08_13,0.5877069422250106,2010-08-13,"{""type"":""MultiPoint"",""coordinates"":[]}"
1_1_1_1_1_1_1_1_1_1_1_1_1_1_1_2_2010_08_29,0.5277977251625829,2010-08-29,"{""type"":""MultiPoint"",""coordinates"":[]}"
1_1_1_1_1_1_1_1_1_1_1_1_1_1_1_2_2010_09_14,0.4922921637774977,2010-09-14,"{""type"":""MultiPoint"",""coordinates"":[]}"
1_1_1_1_1_1_1_1_1_1_1_1_1_1_1_2_2010_09_30,0.45249731320707637,2010-09-30,"{""type"":""MultiPoint"",""coordinates"":[]}"
1_1_1_1_1_1_1_1_1_1_1_1_1_1_1_2_2010_10_16,0.4657575224455811,2010-10-16,"{""type"":""MultiPoint"",""coordinates"":[]}"
1_1_1_1_1_1_1_1_1_1_1_1_1_1_1_2_2010_11_01,0.25171729844425433,2010-11-01,"{""type"":""MultiPoint"",""coordinates"":[]}"
1_1_1_1_1_1_1_1_1_1_1_1_1_1_1_2_2010_11_17,0.3370400239328844,2010-11-17,"{""type"":""MultiPoint"",""coordinates"":[]}"
1_1_1_1_1_1_1_1_1_1_1_1_1_1_1_2_2010_12_03,0.38860547084206737,2010-12-03,"{""type"":""MultiPoint"",""coordinates"":[]}"
1_1_1_1_1_1_1_1_1_1_1_1_1_1_1_2_2010_12_19,0.38181494328674054,2010-12-19,"{""type"":""MultiPoint"",""coordinates"":[]}"
1_1_1_1_1_1_1_1_1_1_1_1_1_1_2_2011_01_01,0.5313019421593704,2011-01-01,"{""type"":""MultiPoint"",""coordinates"":[]}"
1_1_1_1_1_1_1_1_1_1_1_1_1_1_2_2011_01_17,0.5054543724609403,2011-01-17,"{""type"":""MultiPoint"",""coordinates"":[]}"
1_1_1_1_1_1_1_1_1_1_1_1_1_1_2_2011_02_02,0.5241408974229718,2011-02-02,"{""type"":""MultiPoint"",""coordinates"":[]}"
1_1_1_1_1_1_1_1_1_1_1_1_1_1_2_2011_02_18,0.48832194855167205,2011-02-18,"{""type"":""MultiPoint"",""coordinates"":[]}"
1_1_1_1_1_1_1_1_1_1_1_1_1_1_2_2011_03_06,0.471197115022046,2011-03-06,"{""type"":""MultiPoint"",""coordinates"":[]}"
1_1_1_1_1_1_1_1_1_1_1_1_1_1_2_2011_03_22,0.491364514725393,2011-03-22,"{""type"":""MultiPoint"",""coordinates"":[]}"
1_1_1_1_1_1_1_1_1_1_1_1_1_1_2_2011_04_07,0.4905439807102257,2011-04-07,"{""type"":""MultiPoint"",""coordinates"":[]}"
1_1_1_1_1_1_1_1_1_1_1_1_1_1_2_2011_04_23,0.443540931587236,2011-04-23,"{""type"":""MultiPoint"",""coordinates"":[]}"
1_1_1_1_1_1_1_1_1_1_1_1_1_1_2_2011_05_09,0.4879922136342253,2011-05-09,"{""type"":""MultiPoint"",""coordinates"":[]}"
1_1_1_1_1_1_1_1_1_1_1_1_1_1_2_2011_05_25,0.4755400200255553,2011-05-25,"{""type"":""MultiPoint"",""coordinates"":[]}"
1_1_1_1_1_1_1_1_1_1_1_1_1_1_2_2011_06_10,0.5160443602578031,2011-06-10,"{""type"":""MultiPoint"",""coordinates"":[]}"
1_1_1_1_1_1_1_1_1_1_1_1_1_1_2_2011_06_26,0.44883214359810564,2011-06-26,"{""type"":""MultiPoint"",""coordinates"":[]}"
1_1_1_1_1_1_1_1_1_1_1_1_1_1_2_2011_07_12,0.47557117662073195,2011-07-12,"{""type"":""MultiPoint"",""coordinates"":[]}"
1_1_1_1_1_1_1_1_1_1_1_1_1_1_2_2011_07_28,0.511930797774647,2011-07-28,"{""type"":""MultiPoint"",""coordinates"":[]}"
1_1_1_1_1_1_1_1_1_1_1_1_1_1_2_2011_08_13,0.4442070439930818,2011-08-13,"{""type"":""MultiPoint"",""coordinates"":[]}"
1_1_1_1_1_1_1_1_1_1_1_1_1_1_2_2011_08_29,0.4940393746082546,2011-08-29,"{""type"":""MultiPoint"",""coordinates"":[]}"
1_1_1_1_1_1_1_1_1_1_1_1_1_1_2_2011_09_14,0.41493222237312205,2011-09-14,"{""type"":""MultiPoint"",""coordinates"":[]}"
1_1_1_1_1_1_1_1_1_1_1_1_1_1_2_2011_09_30,0.5322920998131274,2011-09-30,"{""type"":""MultiPoint"",""coordinates"":[]}"
1_1_1_1_1_1_1_1_1_1_1_1_1_1_2_2011_10_16,0.4728168152993613,2011-10-16,"{""type"":""MultiPoint"",""coordinates"":[]}"
1_1_1_1_1_1_1_1_1_1_1_1_1_1_2_2011_11_01,0.49436424642574855,2011-11-01,"{""type"":""MultiPoint"",""coordinates"":[]}"
1_1_1_1_1_1_1_1_1_1_1_1_1_1_2_2011_11_17,0.4842994249763191,2011-11-17,"{""type"":""MultiPoint"",""coordinates"":[]}"
1_1_1_1_1_1_1_1_1_1_1_1_1_1_2_2011_12_03,0.5135644674856954,2011-12-03,"{""type"":""MultiPoint"",""coordinates"":[]}"
1_1_1_1_1_1_1_1_1_1_1_1_1_1_2_2011_12_19,0.4698287176154774,2011-12-19,"{""type"":""MultiPoint"",""coordinates"":[]}"
1_1_1_1_1_1_1_1_1_1_1_1_1_2_2012_01_01,0.4530409256835286,2012-01-01,"{""type"":""MultiPoint"",""coordinates"":[]}"
1_1_1_1_1_1_1_1_1_1_1_1_1_2_2012_01_17,0.5106430425156262,2012-01-17,"{""type"":""MultiPoint"",""coordinates"":[]}"
1_1_1_1_1_1_1_1_1_1_1_1_1_2_2012_02_02,0.4572251286065667,2012-02-02,"{""type"":""MultiPoint"",""coordinates"":[]}"
1_1_1_1_1_1_1_1_1_1_1_1_1_2_2012_02_18,0.44535505848509815,2012-02-18,"{""type"":""MultiPoint"",""coordinates"":[]}"
1_1_1_1_1_1_1_1_1_1_1_1_1_2_2012_03_05,0.4497719182132411,2012-03-05,"{""type"":""MultiPoint"",""coordinates"":[]}"
1_1_1_1_1_1_1_1_1_1_1_1_1_2_2012_03_21,0.5102519614244495,2012-03-21,"{""type"":""MultiPoint"",""coordinates"":[]}"
1_1_1_1_1_1_1_1_1_1_1_1_1_2_2012_04_06,0.46158863315797244,2012-04-06,"{""type"":""MultiPoint"",""coordinates"":[]}"
1_1_1_1_1_1_1_1_1_1_1_1_1_2_2012_04_22,0.5333690861713596,2012-04-22,"{""type"":""MultiPoint"",""coordinates"":[]}"
1_1_1_1_1_1_1_1_1_1_1_1_1_2_2012_05_08,0.5035212437811294,2012-05-08,"{""type"":""MultiPoint"",""coordinates"":[]}"
1_1_1_1_1_1_1_1_1_1_1_1_1_2_2012_05_24,0.4268675852728008,2012-05-24,"{""type"":""MultiPoint"",""coordinates"":[]}"
1_1_1_1_1_1_1_1_1_1_1_1_1_2_2012_06_09,0.4854300564866361,2012-06-09,"{""type"":""MultiPoint"",""coordinates"":[]}"
1_1_1_1_1_1_1_1_1_1_1_1_1_2_2012_06_25,0.49013575533392967,2012-06-25,"{""type"":""MultiPoint"",""coordinates"":[]}"
1_1_1_1_1_1_1_1_1_1_1_1_1_2_2012_07_11,0.45734872509418273,2012-07-11,"{""type"":""MultiPoint"",""coordinates"":[]}"
1_1_1_1_1_1_1_1_1_1_1_1_1_2_2012_07_27,0.5124909084661037,2012-07-27,"{""type"":""MultiPoint"",""coordinates"":[]}"
1_1_1_1_1_1_1_1_1_1_1_1_1_2_2012_08_12,0.47098912520285746,2012-08-12,"{""type"":""MultiPoint"",""coordinates"":[]}"
1_1_1_1_1_1_1_1_1_1_1_1_1_2_2012_08_28,0.512119171291352,2012-08-28,"{""type"":""MultiPoint"",""coordinates"":[]}"
1_1_1_1_1_1_1_1_1_1_1_1_1_2_2012_09_13,0.4817425236587443,2012-09-13,"{""type"":""MultiPoint"",""coordinates"":[]}"
1_1_1_1_1_1_1_1_1_1_1_1_1_2_2012_09_29,0.5018384182450625,2012-09-29,"{""type"":""MultiPoint"",""coordinates"":[]}"
1_1_1_1_1_1_1_1_1_1_1_1_1_2_2012_10_15,0.4357655425831614,2012-10-15,"{""type"":""MultiPoint"",""coordinates"":[]}"
1_1_1_1_1_1_1_1_1_1_1_1_1_2_2012_10_31,0.3693661257800319,2012-10-31,"{""type"":""MultiPoint"",""coordinates"":[]}"
1_1_1_1_1_1_1_1_1_1_1_1_1_2_2012_11_16,0.447616435489939,2012-11-16,"{""type"":""MultiPoint"",""coordinates"":[]}"
1_1_1_1_1_1_1_1_1_1_1_1_1_2_2012_12_02,0.4860801164306433,2012-12-02,"{""type"":""MultiPoint"",""coordinates"":[]}"
1_1_1_1_1_1_1_1_1_1_1_1_1_2_2012_12_18,0.45414243863293285,2012-12-18,"{""type"":""MultiPoint"",""coordinates"":[]}"
1_1_1_1_1_1_1_1_1_1_1_1_2_2013_01_01,0.4735234217939938,2013-01-01,"{""type"":""MultiPoint"",""coordinates"":[]}"
1_1_1_1_1_1_1_1_1_1_1_1_2_2013_01_17,0.5175272311989199,2013-01-17,"{""type"":""MultiPoint"",""coordinates"":[]}"
1_1_1_1_1_1_1_1_1_1_1_1_2_2013_02_02,0.4493542595980226,2013-02-02,"{""type"":""MultiPoint"",""coordinates"":[]}"
1_1_1_1_1_1_1_1_1_1_1_1_2_2013_02_18,0.5241957055524306,2013-02-18,"{""type"":""MultiPoint"",""coordinates"":[]}"
1_1_1_1_1_1_1_1_1_1_1_1_2_2013_03_06,0.5454213939608882,2013-03-06,"{""type"":""MultiPoint"",""coordinates"":[]}"
1_1_1_1_1_1_1_1_1_1_1_1_2_2013_03_22,0.4325403042959046,2013-03-22,"{""type"":""MultiPoint"",""coordinates"":[]}"
1_1_1_1_1_1_1_1_1_1_1_1_2_2013_04_07,0.48231728587459494,2013-04-07,"{""type"":""MultiPoint"",""coordinates"":[]}"
1_1_1_1_1_1_1_1_1_1_1_1_2_2013_04_23,0.4876788399267675,2013-04-23,"{""type"":""MultiPoint"",""coordinates"":[]}"
1_1_1_1_1_1_1_1_1_1_1_1_2_2013_05_09,0.5546472828631689,2013-05-09,"{""type"":""MultiPoint"",""coordinates"":[]}"
1_1_1_1_1_1_1_1_1_1_1_1_2_2013_05_25,0.5255004060597341,2013-05-25,"{""type"":""MultiPoint"",""coordinates"":[]}"
1_1_1_1_1_1_1_1_1_1_1_1_2_2013_06_10,0.3744765686824895,2013-06-10,"{""type"":""MultiPoint"",""coordinates"":[]}"
1_1_1_1_1_1_1_1_1_1_1_1_2_2013_06_26,0.5237110719186445,2013-06-26,"{""type"":""MultiPoint"",""coordinates"":[]}"
1_1_1_1_1_1_1_1_1_1_1_1_2_2013_07_12,0.5049743961624709,2013-07-12,"{""type"":""MultiPoint"",""coordinates"":[]}"
1_1_1_1_1_1_1_1_1_1_1_1_2_2013_07_28,0.33237732767852163,2013-07-28,"{""type"":""MultiPoint"",""coordinates"":[]}"
1_1_1_1_1_1_1_1_1_1_1_1_2_2013_08_13,0.4871279102761499,2013-08-13,"{""type"":""MultiPoint"",""coordinates"":[]}"
1_1_1_1_1_1_1_1_1_1_1_1_2_2013_08_29,0.4216935717986486,2013-08-29,"{""type"":""MultiPoint"",""coordinates"":[]}"
1_1_1_1_1_1_1_1_1_1_1_1_2_2013_09_14,0.5044551234129023,2013-09-14,"{""type"":""MultiPoint"",""coordinates"":[]}"
1_1_1_1_1_1_1_1_1_1_1_1_2_2013_09_30,0.4375411639020047,2013-09-30,"{""type"":""MultiPoint"",""coordinates"":[]}"
1_1_1_1_1_1_1_1_1_1_1_1_2_2013_10_16,0.3798222020713298,2013-10-16,"{""type"":""MultiPoint"",""coordinates"":[]}"
1_1_1_1_1_1_1_1_1_1_1_1_2_2013_11_01,0.4044083565828789,2013-11-01,"{""type"":""MultiPoint"",""coordinates"":[]}"
1_1_1_1_1_1_1_1_1_1_1_1_2_2013_11_17,0.4195232387159336,2013-11-17,"{""type"":""MultiPoint"",""coordinates"":[]}"
1_1_1_1_1_1_1_1_1_1_1_1_2_2013_12_03,0.4357207981164912,2013-12-03,"{""type"":""MultiPoint"",""coordinates"":[]}"
1_1_1_1_1_1_1_1_1_1_1_1_2_2013_12_19,0.4443084946887769,2013-12-19,"{""type"":""MultiPoint"",""coordinates"":[]}"
1_1_1_1_1_1_1_1_1_1_1_2_2014_01_01,0.47610174490118085,2014-01-01,"{""type"":""MultiPoint"",""coordinates"":[]}"
1_1_1_1_1_1_1_1_1_1_1_2_2014_01_17,0.48317044903444556,2014-01-17,"{""type"":""MultiPoint"",""coordinates"":[]}"
1_1_1_1_1_1_1_1_1_1_1_2_2014_02_02,0.5052602993523999,2014-02-02,"{""type"":""MultiPoint"",""coordinates"":[]}"
1_1_1_1_1_1_1_1_1_1_1_2_2014_02_18,0.5174686880535604,2014-02-18,"{""type"":""MultiPoint"",""coordinates"":[]}"
1_1_1_1_1_1_1_1_1_1_1_2_2014_03_06,0.5002302868311481,2014-03-06,"{""type"":""MultiPoint"",""coordinates"":[]}"
1_1_1_1_1_1_1_1_1_1_1_2_2014_03_22,0.5565167223316109,2014-03-22,"{""type"":""MultiPoint"",""coordinates"":[]}"
1_1_1_1_1_1_1_1_1_1_1_2_2014_04_07,0.4965101505127371,2014-04-07,"{""type"":""MultiPoint"",""coordinates"":[]}"
1_1_1_1_1_1_1_1_1_1_1_2_2014_04_23,0.4203674863772877,2014-04-23,"{""type"":""MultiPoint"",""coordinates"":[]}"
1_1_1_1_1_1_1_1_1_1_1_2_2014_05_09,0.4868794050456679,2014-05-09,"{""type"":""MultiPoint"",""coordinates"":[]}"
1_1_1_1_1_1_1_1_1_1_1_2_2014_05_25,0.5144088353733601,2014-05-25,"{""type"":""MultiPoint"",""coordinates"":[]}"
1_1_1_1_1_1_1_1_1_1_1_2_2014_06_10,0.49421180009503274,2014-06-10,"{""type"":""MultiPoint"",""coordinates"":[]}"
1_1_1_1_1_1_1_1_1_1_1_2_2014_06_26,0.4520908514920911,2014-06-26,"{""type"":""MultiPoint"",""coordinates"":[]}"
1_1_1_1_1_1_1_1_1_1_1_2_2014_07_12,0.44301082382925266,2014-07-12,"{""type"":""MultiPoint"",""coordinates"":[]}"
1_1_1_1_1_1_1_1_1_1_1_2_2014_07_28,0.48051949738241256,2014-07-28,"{""type"":""MultiPoint"",""coordinates"":[]}"
1_1_1_1_1_1_1_1_1_1_1_2_2014_08_13,0.42572973754414156,2014-08-13,"{""type"":""MultiPoint"",""coordinates"":[]}"
1_1_1_1_1_1_1_1_1_1_1_2_2014_08_29,0.5074867149953358,2014-08-29,"{""type"":""MultiPoint"",""coordinates"":[]}"
1_1_1_1_1_1_1_1_1_1_1_2_2014_09_14,0.4114125939032187,2014-09-14,"{""type"":""MultiPoint"",""coordinates"":[]}"
1_1_1_1_1_1_1_1_1_1_1_2_2014_09_30,0.48571302455170273,2014-09-30,"{""type"":""MultiPoint"",""coordinates"":[]}"
1_1_1_1_1_1_1_1_1_1_1_2_2014_10_16,0.31018579621290937,2014-10-16,"{""type"":""MultiPoint"",""coordinates"":[]}"
1_1_1_1_1_1_1_1_1_1_1_2_2014_11_01,0.4571150996684527,2014-11-01,"{""type"":""MultiPoint"",""coordinates"":[]}"
1_1_1_1_1_1_1_1_1_1_1_2_2014_11_17,0.41970263898335963,2014-11-17,"{""type"":""MultiPoint"",""coordinates"":[]}"
1_1_1_1_1_1_1_1_1_1_1_2_2014_12_03,0.47532702442393504,2014-12-03,"{""type"":""MultiPoint"",""coordinates"":[]}"
1_1_1_1_1_1_1_1_1_1_1_2_2014_12_19,0.3621516835624135,2014-12-19,"{""type"":""MultiPoint"",""coordinates"":[]}"
1_1_1_1_1_1_1_1_1_1_2_2015_01_01,0.47947317155526636,2015-01-01,"{""type"":""MultiPoint"",""coordinates"":[]}"
1_1_1_1_1_1_1_1_1_1_2_2015_01_17,0.47437074985718874,2015-01-17,"{""type"":""MultiPoint"",""coordinates"":[]}"
1_1_1_1_1_1_1_1_1_1_2_2015_02_02,0.4935449056168613,2015-02-02,"{""type"":""MultiPoint"",""coordinates"":[]}"
1_1_1_1_1_1_1_1_1_1_2_2015_02_18,0.5805022316382011,2015-02-18,"{""type"":""MultiPoint"",""coordinates"":[]}"
1_1_1_1_1_1_1_1_1_1_2_2015_03_06,0.4688948619941093,2015-03-06,"{""type"":""MultiPoint"",""coordinates"":[]}"
1_1_1_1_1_1_1_1_1_1_2_2015_03_22,0.4959096923629541,2015-03-22,"{""type"":""MultiPoint"",""coordinates"":[]}"
1_1_1_1_1_1_1_1_1_1_2_2015_04_07,0.4229183756799023,2015-04-07,"{""type"":""MultiPoint"",""coordinates"":[]}"
1_1_1_1_1_1_1_1_1_1_2_2015_04_23,0.48628526860477933,2015-04-23,"{""type"":""MultiPoint"",""coordinates"":[]}"
1_1_1_1_1_1_1_1_1_1_2_2015_05_09,0.49861959204886885,2015-05-09,"{""type"":""MultiPoint"",""coordinates"":[]}"
1_1_1_1_1_1_1_1_1_1_2_2015_05_25,0.49013423724034944,2015-05-25,"{""type"":""MultiPoint"",""coordinates"":[]}"
1_1_1_1_1_1_1_1_1_1_2_2015_06_10,0.5228905507255285,2015-06-10,"{""type"":""MultiPoint"",""coordinates"":[]}"
1_1_1_1_1_1_1_1_1_1_2_2015_06_26,0.5124834990756727,2015-06-26,"{""type"":""MultiPoint"",""coordinates"":[]}"
1_1_1_1_1_1_1_1_1_1_2_2015_07_12,0.49011728490332146,2015-07-12,"{""type"":""MultiPoint"",""coordinates"":[]}"
1_1_1_1_1_1_1_1_1_1_2_2015_07_28,0.4834600122898362,2015-07-28,"{""type"":""MultiPoint"",""coordinates"":[]}"
1_1_1_1_1_1_1_1_1_1_2_2015_08_13,0.5606823913040998,2015-08-13,"{""type"":""MultiPoint"",""coordinates"":[]}"
1_1_1_1_1_1_1_1_1_1_2_2015_08_29,0.5233917880477822,2015-08-29,"{""type"":""MultiPoint"",""coordinates"":[]}"
1_1_1_1_1_1_1_1_1_1_2_2015_09_14,0.5165696465046719,2015-09-14,"{""type"":""MultiPoint"",""coordinates"":[]}"
1_1_1_1_1_1_1_1_1_1_2_2015_09_30,0.5755221452517819,2015-09-30,"{""type"":""MultiPoint"",""coordinates"":[]}"
1_1_1_1_1_1_1_1_1_1_2_2015_10_16,0.419242049152715,2015-10-16,"{""type"":""MultiPoint"",""coordinates"":[]}"
1_1_1_1_1_1_1_1_1_1_2_2015_11_01,0.4203030514918839,2015-11-01,"{""type"":""MultiPoint"",""coordinates"":[]}"
1_1_1_1_1_1_1_1_1_1_2_2015_11_17,0.4169163110587089,2015-11-17,"{""type"":""MultiPoint"",""coordinates"":[]}"
1_1_1_1_1_1_1_1_1_1_2_2015_12_03,0.4463970620201332,2015-12-03,"{""type"":""MultiPoint"",""coordinates"":[]}"
1_1_1_1_1_1_1_1_1_1_2_2015_12_19,0.48169347475214297,2015-12-19,"{""type"":""MultiPoint"",""coordinates"":[]}"
1_1_1_1_1_1_1_1_1_2_2016_01_01,0.5027382501869901,2016-01-01,"{""type"":""MultiPoint"",""coordinates"":[]}"
1_1_1_1_1_1_1_1_1_2_2016_01_17,0.4658526119161978,2016-01-17,"{""type"":""MultiPoint"",""coordinates"":[]}"
1_1_1_1_1_1_1_1_1_2_2016_02_02,0.417535283282342,2016-02-02,"{""type"":""MultiPoint"",""coordinates"":[]}"
1_1_1_1_1_1_1_1_1_2_2016_02_18,0.5872797755340775,2016-02-18,"{""type"":""MultiPoint"",""coordinates"":[]}"
1_1_1_1_1_1_1_1_1_2_2016_03_05,0.5427974808527323,2016-03-05,"{""type"":""MultiPoint"",""coordinates"":[]}"
1_1_1_1_1_1_1_1_1_2_2016_03_21,0.4553401902142942,2016-03-21,"{""type"":""MultiPoint"",""coordinates"":[]}"
1_1_1_1_1_1_1_1_1_2_2016_04_06,0.46780773948694104,2016-04-06,"{""type"":""MultiPoint"",""coordinates"":[]}"
1_1_1_1_1_1_1_1_1_2_2016_04_22,0.44997641226306584,2016-04-22,"{""type"":""MultiPoint"",""coordinates"":[]}"
1_1_1_1_1_1_1_1_1_2_2016_05_08,0.41789795487604964,2016-05-08,"{""type"":""MultiPoint"",""coordinates"":[]}"
1_1_1_1_1_1_1_1_1_2_2016_05_24,0.49810205814401104,2016-05-24,"{""type"":""MultiPoint"",""coordinates"":[]}"
1_1_1_1_1_1_1_1_1_2_2016_06_09,0.466235024433223,2016-06-09,"{""type"":""MultiPoint"",""coordinates"":[]}"
1_1_1_1_1_1_1_1_1_2_2016_06_25,0.5438362358559832,2016-06-25,"{""type"":""MultiPoint"",""coordinates"":[]}"
1_1_1_1_1_1_1_1_1_2_2016_07_11,0.4133245989474363,2016-07-11,"{""type"":""MultiPoint"",""coordinates"":[]}"
1_1_1_1_1_1_1_1_1_2_2016_07_27,0.5311096983407614,2016-07-27,"{""type"":""MultiPoint"",""coordinates"":[]}"
1_1_1_1_1_1_1_1_1_2_2016_08_12,0.397744518846034,2016-08-12,"{""type"":""MultiPoint"",""coordinates"":[]}"
1_1_1_1_1_1_1_1_1_2_2016_08_28,0.48842411945888203,2016-08-28,"{""type"":""MultiPoint"",""coordinates"":[]}"
1_1_1_1_1_1_1_1_1_2_2016_09_13,0.4652707566544593,2016-09-13,"{""type"":""MultiPoint"",""coordinates"":[]}"
1_1_1_1_1_1_1_1_1_2_2016_09_29,0.47229756402122963,2016-09-29,"{""type"":""MultiPoint"",""coordinates"":[]}"
1_1_1_1_1_1_1_1_1_2_2016_10_15,0.29410712310480375,2016-10-15,"{""type"":""MultiPoint"",""coordinates"":[]}"
1_1_1_1_1_1_1_1_1_2_2016_10_31,0.37040825788139803,2016-10-31,"{""type"":""MultiPoint"",""coordinates"":[]}"
1_1_1_1_1_1_1_1_1_2_2016_11_16,0.33842299538855375,2016-11-16,"{""type"":""MultiPoint"",""coordinates"":[]}"
1_1_1_1_1_1_1_1_1_2_2016_12_02,0.5161466325278251,2016-12-02,"{""type"":""MultiPoint"",""coordinates"":[]}"
1_1_1_1_1_1_1_1_1_2_2016_12_18,0.4116920190138137,2016-12-18,"{""type"":""MultiPoint"",""coordinates"":[]}"
1_1_1_1_1_1_1_1_2_2017_01_01,0.5761350988861772,2017-01-01,"{""type"":""MultiPoint"",""coordinates"":[]}"
1_1_1_1_1_1_1_1_2_2017_01_17,0.4129178487256243,2017-01-17,"{""type"":""MultiPoint"",""coordinates"":[]}"
1_1_1_1_1_1_1_1_2_2017_02_02,0.5520508385964673,2017-02-02,"{""type"":""MultiPoint"",""coordinates"":[]}"
1_1_1_1_1_1_1_1_2_2017_02_18,0.4809185425668907,2017-02-18,"{""type"":""MultiPoint"",""coordinates"":[]}"
1_1_1_1_1_1_1_1_2_2017_03_06,0.5627287906445062,2017-03-06,"{""type"":""MultiPoint"",""coordinates"":[]}"
1_1_1_1_1_1_1_1_2_2017_03_22,0.4592232336374779,2017-03-22,"{""type"":""MultiPoint"",""coordinates"":[]}"
1_1_1_1_1_1_1_1_2_2017_04_07,0.4929661100907275,2017-04-07,"{""type"":""MultiPoint"",""coordinates"":[]}"
1_1_1_1_1_1_1_1_2_2017_04_23,0.47320150174740616,2017-04-23,"{""type"":""MultiPoint"",""coordinates"":[]}"
1_1_1_1_1_1_1_1_2_2017_05_09,0.4970213755736489,2017-05-09,"{""type"":""MultiPoint"",""coordinates"":[]}"
1_1_1_1_1_1_1_1_2_2017_05_25,0.5338955203044001,2017-05-25,"{""type"":""MultiPoint"",""coordinates"":[]}"
1_1_1_1_1_1_1_1_2_2017_06_10,0.5539900787847472,2017-06-10,"{""type"":""MultiPoint"",""coordinates"":[]}"
1_1_1_1_1_1_1_1_2_2017_06_26,0.5513222558447529,2017-06-26,"{""type"":""MultiPoint"",""coordinates"":[]}"
1_1_1_1_1_1_1_1_2_2017_07_12,0.46463547327324356,2017-07-12,"{""type"":""MultiPoint"",""coordinates"":[]}"
1_1_1_1_1_1_1_1_2_2017_07_28,0.39595489109897464,2017-07-28,"{""type"":""MultiPoint"",""coordinates"":[]}"
1_1_1_1_1_1_1_1_2_2017_08_13,0.4908991748410334,2017-08-13,"{""type"":""MultiPoint"",""coordinates"":[]}"
1_1_1_1_1_1_1_1_2_2017_08_29,0.5374166319029496,2017-08-29,"{""type"":""MultiPoint"",""coordinates"":[]}"
1_1_1_1_1_1_1_1_2_2017_09_14,0.5347368876343515,2017-09-14,"{""type"":""MultiPoint"",""coordinates"":[]}"
1_1_1_1_1_1_1_1_2_2017_09_30,0.4864439138333839,2017-09-30,"{""type"":""MultiPoint"",""coordinates"":[]}"
1_1_1_1_1_1_1_1_2_2017_10_16,0.5005538147600462,2017-10-16,"{""type"":""MultiPoint"",""coordinates"":[]}"
1_1_1_1_1_1_1_1_2_2017_11_01,0.3760522033656205,2017-11-01,"{""type"":""MultiPoint"",""coordinates"":[]}"
1_1_1_1_1_1_1_1_2_2017_11_17,0.38975437614052666,2017-11-17,"{""type"":""MultiPoint"",""coordinates"":[]}"
1_1_1_1_1_1_1_1_2_2017_12_03,0.43521494574194786,2017-12-03,"{""type"":""MultiPoint"",""coordinates"":[]}"
1_1_1_1_1_1_1_1_2_2017_12_19,0.4563574922807958,2017-12-19,"{""type"":""MultiPoint"",""coordinates"":[]}"
1_1_1_1_1_1_1_2_2018_01_01,0.5108214890902282,2018-01-01,"{""type"":""MultiPoint"",""coordinates"":[]}"
1_1_1_1_1_1_1_2_2018_01_17,0.4535706416570826,2018-01-17,"{""type"":""MultiPoint"",""coordinates"":[]}"
1_1_1_1_1_1_1_2_2018_02_02,0.5143184316164972,2018-02-02,"{""type"":""MultiPoint"",""coordinates"":[]}"
1_1_1_1_1_1_1_2_2018_02_18,0.5227904856847856,2018-02-18,"{""type"":""MultiPoint"",""coordinates"":[]}"
1_1_1_1_1_1_1_2_2018_03_06,0.46664100781735124,2018-03-06,"{""type"":""MultiPoint"",""coordinates"":[]}"
1_1_1_1_1_1_1_2_2018_03_22,0.4554008909140784,2018-03-22,"{""type"":""MultiPoint"",""coordinates"":[]}"
1_1_1_1_1_1_1_2_2018_04_07,0.44254699646204493,2018-04-07,"{""type"":""MultiPoint"",""coordinates"":[]}"
1_1_1_1_1_1_1_2_2018_04_23,0.4959121184269692,2018-04-23,"{""type"":""MultiPoint"",""coordinates"":[]}"
1_1_1_1_1_1_1_2_2018_05_09,0.4445134906107417,2018-05-09,"{""type"":""MultiPoint"",""coordinates"":[]}"
1_1_1_1_1_1_1_2_2018_05_25,0.5352563492069884,2018-05-25,"{""type"":""MultiPoint"",""coordinates"":[]}"
1_1_1_1_1_1_1_2_2018_06_10,0.5203772272771654,2018-06-10,"{""type"":""MultiPoint"",""coordinates"":[]}"
1_1_1_1_1_1_1_2_2018_06_26,0.5116254846221495,2018-06-26,"{""type"":""MultiPoint"",""coordinates"":[]}"
1_1_1_1_1_1_1_2_2018_07_12,0.518378401379795,2018-07-12,"{""type"":""MultiPoint"",""coordinates"":[]}"
1_1_1_1_1_1_1_2_2018_07_28,0.429975066669295,2018-07-28,"{""type"":""MultiPoint"",""coordinates"":[]}"
1_1_1_1_1_1_1_2_2018_08_13,0.47640809405144674,2018-08-13,"{""type"":""MultiPoint"",""coordinates"":[]}"
1_1_1_1_1_1_1_2_2018_08_29,0.5181432787145629,2018-08-29,"{""type"":""MultiPoint"",""coordinates"":[]}"
1_1_1_1_1_1_1_2_2018_09_14,0.4239943513073946,2018-09-14,"{""type"":""MultiPoint"",""coordinates"":[]}"
1_1_1_1_1_1_1_2_2018_09_30,0.36254465352613524,2018-09-30,"{""type"":""MultiPoint"",""coordinates"":[]}"
1_1_1_1_1_1_1_2_2018_10_16,0.4653805587188473,2018-10-16,"{""type"":""MultiPoint"",""coordinates"":[]}"
1_1_1_1_1_1_1_2_2018_11_01,0.34316913305174523,2018-11-01,"{""type"":""MultiPoint"",""coordinates"":[]}"
1_1_1_1_1_1_1_2_2018_11_17,0.47660944067409305,2018-11-17,"{""type"":""MultiPoint"",""coordinates"":[]}"
1_1_1_1_1_1_1_2_2018_12_03,0.3997994687249746,2018-12-03,"{""type"":""MultiPoint"",""coordinates"":[]}"
1_1_1_1_1_1_1_2_2018_12_19,0.46168879674329016,2018-12-19,"{""type"":""MultiPoint"",""coordinates"":[]}"
1_1_1_1_1_1_2_2019_01_01,0.5152861295151696,2019-01-01,"{""type"":""MultiPoint"",""coordinates"":[]}"
1_1_1_1_1_1_2_2019_01_17,0.5230751920160848,2019-01-17,"{""type"":""MultiPoint"",""coordinates"":[]}"
1_1_1_1_1_1_2_2019_02_02,0.4992980841451133,2019-02-02,"{""type"":""MultiPoint"",""coordinates"":[]}"
1_1_1_1_1_1_2_2019_02_18,0.4667473788627802,2019-02-18,"{""type"":""MultiPoint"",""coordinates"":[]}"
1_1_1_1_1_1_2_2019_03_06,0.49369485822717674,2019-03-06,"{""type"":""MultiPoint"",""coordinates"":[]}"
1_1_1_1_1_1_2_2019_03_22,0.5473066879610219,2019-03-22,"{""type"":""MultiPoint"",""coordinates"":[]}"
1_1_1_1_1_1_2_2019_04_07,0.4869389496314039,2019-04-07,"{""type"":""MultiPoint"",""coordinates"":[]}"
1_1_1_1_1_1_2_2019_04_23,0.5033136616442917,2019-04-23,"{""type"":""MultiPoint"",""coordinates"":[]}"
1_1_1_1_1_1_2_2019_05_09,0.5114591956498731,2019-05-09,"{""type"":""MultiPoint"",""coordinates"":[]}"
1_1_1_1_1_1_2_2019_05_25,0.3950930506533774,2019-05-25,"{""type"":""MultiPoint"",""coordinates"":[]}"
1_1_1_1_1_1_2_2019_06_10,0.5176385820014611,2019-06-10,"{""type"":""MultiPoint"",""coordinates"":[]}"
1_1_1_1_1_1_2_2019_06_26,0.4872816795337499,2019-06-26,"{""type"":""MultiPoint"",""coordinates"":[]}"
1_1_1_1_1_1_2_2019_07_12,0.5470644320140835,2019-07-12,"{""type"":""MultiPoint"",""coordinates"":[]}"
1_1_1_1_1_1_2_2019_07_28,0.4455651221637727,2019-07-28,"{""type"":""MultiPoint"",""coordinates"":[]}"
1_1_1_1_1_1_2_2019_08_13,0.5035888250238556,2019-08-13,"{""type"":""MultiPoint"",""coordinates"":[]}"
1_1_1_1_1_1_2_2019_08_29,0.48698920625179726,2019-08-29,"{""type"":""MultiPoint"",""coordinates"":[]}"
1_1_1_1_1_1_2_2019_09_14,0.35538231469282205,2019-09-14,"{""type"":""MultiPoint"",""coordinates"":[]}"
1_1_1_1_1_1_2_2019_09_30,0.3327628201375031,2019-09-30,"{""type"":""MultiPoint"",""coordinates"":[]}"
1_1_1_1_1_1_2_2019_10_16,0.42452172709214114,2019-10-16,"{""type"":""MultiPoint"",""coordinates"":[]}"
1_1_1_1_1_1_2_2019_11_01,0.5051037750039616,2019-11-01,"{""type"":""MultiPoint"",""coordinates"":[]}"
1_1_1_1_1_1_2_2019_11_17,0.4286768751547619,2019-11-17,"{""type"":""MultiPoint"",""coordinates"":[]}"
1_1_1_1_1_1_2_2019_12_03,0.37281126139163145,2019-12-03,"{""type"":""MultiPoint"",""coordinates"":[]}"
1_1_1_1_1_1_2_2019_12_19,0.456271085931468,2019-12-19,"{""type"":""MultiPoint"",""coordinates"":[]}"
1_1_1_1_1_2_2020_01_01,0.4403278000426595,2020-01-01,"{""type"":""MultiPoint"",""coordinates"":[]}"
1_1_1_1_1_2_2020_01_17,0.4641725732644476,2020-01-17,"{""type"":""MultiPoint"",""coordinates"":[]}"
1_1_1_1_1_2_2020_02_02,0.4418894959105737,2020-02-02,"{""type"":""MultiPoint"",""coordinates"":[]}"
1_1_1_1_1_2_2020_02_18,0.49955435705505385,2020-02-18,"{""type"":""MultiPoint"",""coordinates"":[]}"
1_1_1_1_1_2_2020_03_05,0.547937768923704,2020-03-05,"{""type"":""MultiPoint"",""coordinates"":[]}"
1_1_1_1_1_2_2020_03_21,0.5013096233387566,2020-03-21,"{""type"":""MultiPoint"",""coordinates"":[]}"
1_1_1_1_1_2_2020_04_06,0.48415695815917287,2020-04-06,"{""type"":""MultiPoint"",""coordinates"":[]}"
1_1_1_1_1_2_2020_04_22,0.4812655830458404,2020-04-22,"{""type"":""MultiPoint"",""coordinates"":[]}"
1_1_1_1_1_2_2020_05_08,0.4843178531867886,2020-05-08,"{""type"":""MultiPoint"",""coordinates"":[]}"
1_1_1_1_1_2_2020_05_24,0.5011244686509133,2020-05-24,"{""type"":""MultiPoint"",""coordinates"":[]}"
1_1_1_1_1_2_2020_06_09,0.5449592217178396,2020-06-09,"{""type"":""MultiPoint"",""coordinates"":[]}"
1_1_1_1_1_2_2020_06_25,0.5217888092846171,2020-06-25,"{""type"":""MultiPoint"",""coordinates"":[]}"
1_1_1_1_1_2_2020_07_11,0.4861667323738186,2020-07-11,"{""type"":""MultiPoint"",""coordinates"":[]}"
1_1_1_1_1_2_2020_07_27,0.5608118760022741,2020-07-27,"{""type"":""MultiPoint"",""coordinates"":[]}"
1_1_1_1_1_2_2020_08_12,0.5054781918697439,2020-08-12,"{""type"":""MultiPoint"",""coordinates"":[]}"
1_1_1_1_1_2_2020_08_28,0.41175287445767145,2020-08-28,"{""type"":""MultiPoint"",""coordinates"":[]}"
1_1_1_1_1_2_2020_09_13,0.5255076793727685,2020-09-13,"{""type"":""MultiPoint"",""coordinates"":[]}"
1_1_1_1_1_2_2020_09_29,0.4722677428040444,2020-09-29,"{""type"":""MultiPoint"",""coordinates"":[]}"
1_1_1_1_1_2_2020_10_15,0.41772304459601384,2020-10-15,"{""type"":""MultiPoint"",""coordinates"":[]}"
1_1_1_1_1_2_2020_10_31,0.42223505069367934,2020-10-31,"{""type"":""MultiPoint"",""coordinates"":[]}"
1_1_1_1_1_2_2020_11_16,0.3916677793800641,2020-11-16,"{""type"":""MultiPoint"",""coordinates"":[]}"
1_1_1_1_1_2_2020_12_02,0.38901223125697804,2020-12-02,"{""type"":""MultiPoint"",""coordinates"":[]}"
1_1_1_1_1_2_2020_12_18,0.4575506245889842,2020-12-18,"{""type"":""MultiPoint"",""coordinates"":[]}"
1_1_1_1_2_2021_01_01,0.4074050838358575,2021-01-01,"{""type"":""MultiPoint"",""coordinates"":[]}"
1_1_1_1_2_2021_01_17,0.5105501016456829,2021-01-17,"{""type"":""MultiPoint"",""coordinates"":[]}"
1_1_1_1_2_2021_02_02,0.49457256302784036,2021-02-02,"{""type"":""MultiPoint"",""coordinates"":[]}"
1_1_1_1_2_2021_02_18,0.5065030310455103,2021-02-18,"{""type"":""MultiPoint"",""coordinates"":[]}"
1_1_1_1_2_2021_03_06,0.5299092782282544,2021-03-06,"{""type"":""MultiPoint"",""coordinates"":[]}"
1_1_1_1_2_2021_03_22,0.4104433821047133,2021-03-22,"{""type"":""MultiPoint"",""coordinates"":[]}"
1_1_1_1_2_2021_04_07,0.5561349230903685,2021-04-07,"{""type"":""MultiPoint"",""coordinates"":[]}"
1_1_1_1_2_2021_04_23,0.5133005722609851,2021-04-23,"{""type"":""MultiPoint"",""coordinates"":[]}"
1_1_1_1_2_2021_05_09,0.4785357273668958,2021-05-09,"{""type"":""MultiPoint"",""coordinates"":[]}"
1_1_1_1_2_2021_05_25,0.3725235862798409,2021-05-25,"{""type"":""MultiPoint"",""coordinates"":[]}"
1_1_1_1_2_2021_06_10,0.4948136818522778,2021-06-10,"{""type"":""MultiPoint"",""coordinates"":[]}"
1_1_1_1_2_2021_06_26,0.5288542183957989,2021-06-26,"{""type"":""MultiPoint"",""coordinates"":[]}"
1_1_1_1_2_2021_07_12,0.4735419901661379,2021-07-12,"{""type"":""MultiPoint"",""coordinates"":[]}"
1_1_1_1_2_2021_07_28,0.5094079390941776,2021-07-28,"{""type"":""MultiPoint"",""coordinates"":[]}"
1_1_1_1_2_2021_08_13,0.4608471662042623,2021-08-13,"{""type"":""MultiPoint"",""coordinates"":[]}"
1_1_1_1_2_2021_08_29,0.5256550617630588,2021-08-29,"{""type"":""MultiPoint"",""coordinates"":[]}"
1_1_1_1_2_2021_09_14,0.5581202791967044,2021-09-14,"{""type"":""MultiPoint"",""coordinates"":[]}"
1_1_1_1_2_2021_09_30,0.5857678091826392,2021-09-30,"{""type"":""MultiPoint"",""coordinates"":[]}"
1_1_1_1_2_2021_10_16,0.4259809450454837,2021-10-16,"{""type"":""MultiPoint"",""coordinates"":[]}"
1_1_1_1_2_2021_11_01,0.3756437631577779,2021-11-01,"{""type"":""MultiPoint"",""coordinates"":[]}"
1_1_1_1_2_2021_11_17,0.40250946133504645,2021-11-17,"{""type"":""MultiPoint"",""coordinates"":[]}"
1_1_1_1_2_2021_12_03,0.47445505491606943,2021-12-03,"{""type"":""MultiPoint"",""coordinates"":[]}"
1_1_1_1_2_2021_12_19,0.49013234823181884,2021-12-19,"{""type"":""MultiPoint"",""coordinates"":[]}"
1_1_1_2_2022_01_01,0.47497026729173747,2022-01-01,"{""type"":""MultiPoint"",""coordinates"":[]}"
1_1_1_2_2022_01_17,0.5293575214243423,2022-01-17,"{""type"":""MultiPoint"",""coordinates"":[]}"
1_1_1_2_2022_02_02,0.4760052493502589,2022-02-02,"{""type"":""MultiPoint"",""coordinates"":[]}"
1_1_1_2_2022_02_18,0.4823900017654083,2022-02-18,"{""type"":""MultiPoint"",""coordinates"":[]}"
1_1_1_2_2022_03_06,0.5041998119048265,2022-03-06,"{""type"":""MultiPoint"",""coordinates"":[]}"
1_1_1_2_2022_03_22,0.5462379508981945,2022-03-22,"{""type"":""MultiPoint"",""coordinates"":[]}"
1_1_1_2_2022_04_07,0.5357699346960133,2022-04-07,"{""type"":""MultiPoint"",""coordinates"":[]}"
1_1_1_2_2022_04_23,0.5248416655450695,2022-04-23,"{""type"":""MultiPoint"",""coordinates"":[]}"
1_1_1_2_2022_05_09,0.5054560707844188,2022-05-09,"{""type"":""MultiPoint"",""coordinates"":[]}"
1_1_1_2_2022_05_25,0.4738201138186153,2022-05-25,"{""type"":""MultiPoint"",""coordinates"":[]}"
1_1_1_2_2022_06_10,0.48392827763862245,2022-06-10,"{""type"":""MultiPoint"",""coordinates"":[]}"
1_1_1_2_2022_06_26,0.4960471211438087,2022-06-26,"{""type"":""MultiPoint"",""coordinates"":[]}"
1_1_1_2_2022_07_12,0.47984565362057024,2022-07-12,"{""type"":""MultiPoint"",""coordinates"":[]}"
1_1_1_2_2022_07_28,0.5533007317869219,2022-07-28,"{""type"":""MultiPoint"",""coordinates"":[]}"
1_1_1_2_2022_08_13,0.4983044758609183,2022-08-13,"{""type"":""MultiPoint"",""coordinates"":[]}"
1_1_1_2_2022_08_29,0.5188394569024272,2022-08-29,"{""type"":""MultiPoint"",""coordinates"":[]}"
1_1_1_2_2022_09_14,0.5193479524984946,2022-09-14,"{""type"":""MultiPoint"",""coordinates"":[]}"
1_1_1_2_2022_09_30,0.4314670029961749,2022-09-30,"{""type"":""MultiPoint"",""coordinates"":[]}"
1_1_1_2_2022_10_16,0.25091134970394185,2022-10-16,"{""type"":""MultiPoint"",""coordinates"":[]}"
1_1_1_2_2022_11_01,0.41694521382524957,2022-11-01,"{""type"":""MultiPoint"",""coordinates"":[]}"
1_1_1_2_2022_11_17,0.5311754969821436,2022-11-17,"{""type"":""MultiPoint"",""coordinates"":[]}"
1_1_1_2_2022_12_03,0.3666727247127688,2022-12-03,"{""type"":""MultiPoint"",""coordinates"":[]}"
1_1_1_2_2022_12_19,0.4631445113967599,2022-12-19,"{""type"":""MultiPoint"",""coordinates"":[]}"
1_1_2_2023_01_01,0.49309832196202713,2023-01-01,"{""type"":""MultiPoint"",""coordinates"":[]}"
1_1_2_2023_01_17,0.44159704005120776,2023-01-17,"{""type"":""MultiPoint"",""coordinates"":[]}"
1_1_2_2023_02_02,0.4538740917489007,2023-02-02,"{""type"":""MultiPoint"",""coordinates"":[]}"
1_1_2_2023_02_18,0.4639425691957546,2023-02-18,"{""type"":""MultiPoint"",""coordinates"":[]}"
1_1_2_2023_03_06,0.5276600475599763,2023-03-06,"{""type"":""MultiPoint"",""coordinates"":[]}"
1_1_2_2023_03_22,0.5829302553075781,2023-03-22,"{""type"":""MultiPoint"",""coordinates"":[]}"
1_1_2_2023_04_07,0.5034159790946763,2023-04-07,"{""type"":""MultiPoint"",""coordinates"":[]}"
1_1_2_2023_04_23,0.4556983341058218,2023-04-23,"{""type"":""MultiPoint"",""coordinates"":[]}"
1_1_2_2023_05_09,0.5575884532554208,2023-05-09,"{""type"":""MultiPoint"",""coordinates"":[]}"
1_1_2_2023_05_25,0.46091673700560715,2023-05-25,"{""type"":""MultiPoint"",""coordinates"":[]}"
1_1_2_2023_06_10,0.4777378176256092,2023-06-10,"{""type"":""MultiPoint"",""coordinates"":[]}"
1_1_2_2023_06_26,0.48097003209832323,2023-06-26,"{""type"":""MultiPoint"",""coordinates"":[]}"
1_1_2_2023_07_12,0.5123764530466984,2023-07-12,"{""type"":""MultiPoint"",""coordinates"":[]}"
1_1_2_2023_07_28,0.48149814130550533,2023-07-28,"{""type"":""MultiPoint"",""coordinates"":[]}"
1_1_2_2023_08_13,0.5204144613742581,2023-08-13,"{""type"":""MultiPoint"",""coordinates"":[]}"
1_1_2_2023_08_29,0.5322140531657156,2023-08-29,"{""type"":""MultiPoint"",""coordinates"":[]}"
1_1_2_2023_09_14,0.49685362080991574,2023-09-14,"{""type"":""MultiPoint"",""coordinates"":[]}"
1_1_2_2023_09_30,0.5171094724750631,2023-09-30,"{""type"":""MultiPoint"",""coordinates"":[]}"
1_1_2_2023_10_16,0.47088049360300005,2023-10-16,"{""type"":""MultiPoint"",""coordinates"":[]}"
1_1_2_2023_11_01,0.4275870722669604,2023-11-01,"{""type"":""MultiPoint"",""coordinates"":[]}"
1_1_2_2023_11_17,0.43630562831028985,2023-11-17,"{""type"":""MultiPoint"",""coordinates"":[]}"
1_1_2_2023_12_03,0.33611204780705356,2023-12-03,"{""type"":""MultiPoint"",""coordinates"":[]}"
1_1_2_2023_12_19,0.4062841270777468,2023-12-19,"{""type"":""MultiPoint"",""coordinates"":[]}"
1_2_2024_01_01,0.46484873399527665,2024-01-01,"{""type"":""MultiPoint"",""coordinates"":[]}"
1_2_2024_01_17,0.48406852573584735,2024-01-17,"{""type"":""MultiPoint"",""coordinates"":[]}"
1_2_2024_02_02,0.5334766072517498,2024-02-02,"{""type"":""MultiPoint"",""coordinates"":[]}"
1_2_2024_02_18,0.47636181105115616,2024-02-18,"{""type"":""MultiPoint"",""coordinates"":[]}"
1_2_2024_03_05,0.5302511700620108,2024-03-05,"{""type"":""MultiPoint"",""coordinates"":[]}"
1_2_2024_03_21,0.428811180313058,2024-03-21,"{""type"":""MultiPoint"",""coordinates"":[]}"
1_2_2024_04_06,0.48573962796852427,2024-04-06,"{""type"":""MultiPoint"",""coordinates"":[]}"
1_2_2024_04_22,0.49944189349235735,2024-04-22,"{""type"":""MultiPoint"",""coordinates"":[]}"
1_2_2024_05_08,0.3555361306047832,2024-05-08,"{""type"":""MultiPoint"",""coordinates"":[]}"
1_2_2024_05_24,0.4566165631967907,2024-05-24,"{""type"":""MultiPoint"",""coordinates"":[]}"
1_2_2024_06_09,0.5189730025069992,2024-06-09,"{""type"":""MultiPoint"",""coordinates"":[]}"
1_2_2024_06_25,0.4899175488083793,2024-06-25,"{""type"":""MultiPoint"",""coordinates"":[]}"
1_2_2024_07_11,0.4996534304181745,2024-07-11,"{""type"":""MultiPoint"",""coordinates"":[]}"
1_2_2024_07_27,0.5512723262794856,2024-07-27,"{""type"":""MultiPoint"",""coordinates"":[]}"
1_2_2024_08_12,0.45932188896414394,2024-08-12,"{""type"":""MultiPoint"",""coordinates"":[]}"
1_2_2024_08_28,0.5470024730640444,2024-08-28,"{""type"":""MultiPoint"",""coordinates"":[]}"
1_2_2024_09_13,0.58082059790671,2024-09-13,"{""type"":""MultiPoint"",""coordinates"":[]}"
1_2_2024_09_29,0.4523716471616889,2024-09-29,"{""type"":""MultiPoint"",""coordinates"":[]}"
1_2_2024_10_15,0.48328723729237805,2024-10-15,"{""type"":""MultiPoint"",""coordinates"":[]}"
1_2_2024_10_31,0.5181570278866116,2024-10-31,"{""type"":""MultiPoint"",""coordinates"":[]}"
1_2_2024_11_16,0.5049991280122336,2024-11-16,"{""type"":""MultiPoint"",""coordinates"":[]}"
1_2_2024_12_02,0.5472096271786312,2024-12-02,"{""type"":""MultiPoint"",""coordinates"":[]}"
1_2_2024_12_18,0.4792211866590122,2024-12-18,"{""type"":""MultiPoint"",""coordinates"":[]}"
2_2025_01_01,0.4476080295890839,2025-01-01,"{""type"":""MultiPoint"",""coordinates"":[]}"
2_2025_01_17,0.47899383132892887,2025-01-17,"{""type"":""MultiPoint"",""coordinates"":[]}"
